Chilometraggio,Marca,Tipologia,Modello,Immatricolazione,Cambio,Carburante,Prezzo,Link
123.369 Km, Mercedes-Benz ,USATO, Classe A ,2021,Automatico,Diesel,19.900 €,https://www.autotorino.it/veicoli/auto/mercedes-benz/classe-a/usato/veicolo-a-180-d-business-auto-u945682
114.743 Km, Mercedes-Benz ,USATO, Classe A Berlina ,2020,Automatico,Diesel,20.100 €,https://www.autotorino.it/veicoli/auto/mercedes-benz/classe-a-berlina/usato/veicolo-a-180-d-sport-auto-u998241
116.568 Km, Mercedes-Benz ,USATO, Classe A ,2021,Automatico,Diesel,20.700 €,https://www.autotorino.it/veicoli/auto/mercedes-benz/classe-a/usato/veicolo-a-180-d-sport-auto-u1034945
89.386 Km, Mercedes-Benz ,USATO, Classe A ,2019,Manuale,Diesel,20.900 €,https://www.autotorino.it/veicoli/auto/mercedes-benz/classe-a/usato/veicolo-a-160-d-sport-u1006963
42.063 Km, Mercedes-Benz ,USATO, Classe A ,2018,Manuale,Benzina,22.100 €,https://www.autotorino.it/veicoli/auto/mercedes-benz/classe-a/usato/veicolo-a-180-sport-u972056
77.624 Km, Mercedes-Benz ,USATO, Classe A ,2021,Manuale,Diesel,22.900 €,https://www.autotorino.it/veicoli/auto/mercedes-benz/classe-a/usato/veicolo-a-180-d-business-extra-u991372
68.832 Km, Mercedes-Benz ,USATO, Classe A ,2019,Automatico,Benzina,22.900 €,https://www.autotorino.it/veicoli/auto/mercedes-benz/classe-a/usato/veicolo-a-180-sport-auto-u1009896
100.977 Km, Mercedes-Benz ,USATO, Classe A ,2019,Automatico,Benzina,22.900 €,https://www.autotorino.it/veicoli/auto/mercedes-benz/classe-a/usato/veicolo-a-200-premium-auto-u989242
86.100 Km, Mercedes-Benz ,USATO, Classe A ,2021,Automatico,Diesel,22.900 €,https://www.autotorino.it/veicoli/auto/mercedes-benz/classe-a/usato/veicolo-a-180-d-sport-auto-u956543
97.000 Km, Mercedes-Benz ,USATO, Classe A ,2018,Automatico,Benzina,23.100 €,https://www.autotorino.it/veicoli/auto/mercedes-benz/classe-a/usato/veicolo-a-200-premium-auto-u1017491
72.468 Km, Mercedes-Benz ,USATO, Classe A ,2020,Automatico,Diesel,23.400 €,https://www.autotorino.it/veicoli/auto/mercedes-benz/classe-a/usato/veicolo-a-180-d-sport-auto-u1016107
63.800 Km, Mercedes-Benz ,USATO, Classe A ,2021,Automatico,Plug-in/Benzina,23.600 €,https://www.autotorino.it/veicoli/auto/mercedes-benz/classe-a/usato/veicolo-a-250-e-phev-eq-power-business-auto-u988737
75.813 Km, Mercedes-Benz ,USATO, Classe A ,2021,Automatico,Diesel,25.900 €,https://www.autotorino.it/veicoli/auto/mercedes-benz/classe-a/usato/veicolo-a-200-d-sport-auto-u1012565
72.833 Km, Mercedes-Benz ,USATO, Classe A ,2020,Automatico,Benzina,26.500 €,https://www.autotorino.it/veicoli/auto/mercedes-benz/classe-a/usato/veicolo-a-200-premium-auto-u937671
94.001 Km, Mercedes-Benz ,USATO, Classe A ,2021,Automatico,Diesel,26.900 €,https://www.autotorino.it/veicoli/auto/mercedes-benz/classe-a/usato/veicolo-a-180-d-premium-auto-u1002819
11.584 Km, Mercedes-Benz ,USATO, Classe A ,2023,Automatico,Diesel,27.400 €,https://www.autotorino.it/veicoli/auto/mercedes-benz/classe-a/usato/veicolo-a-180-d-sport-auto-u1035092
77.455 Km, Mercedes-Benz ,USATO, Classe A ,2022,Automatico,Diesel,27.700 €,https://www.autotorino.it/veicoli/auto/mercedes-benz/classe-a/usato/veicolo-a-180-d-premium-auto-u1005317
97.040 Km, Mercedes-Benz ,USATO, Classe A ,2021,Automatico,Benzina,27.700 €,https://www.autotorino.it/veicoli/auto/mercedes-benz/classe-a/usato/veicolo-a-180-premium-auto-u1014080
68.250 Km, Mercedes-Benz ,USATO, Classe A Berlina ,2021,Automatico,Diesel,27.900 €,https://www.autotorino.it/veicoli/auto/mercedes-benz/classe-a-berlina/usato/veicolo-a-200-d-premium-auto-u912731
99.940 Km, Mercedes-Benz ,USATO, Classe A ,2021,Automatico,Diesel,27.900 €,https://www.autotorino.it/veicoli/auto/mercedes-benz/classe-a/usato/veicolo-a-180-d-premium-night-edition-auto-u940566
51.324 Km, Mercedes-Benz ,USATO, Classe A ,2020,Automatico,Benzina,27.900 €,https://www.autotorino.it/veicoli/auto/mercedes-benz/classe-a/usato/veicolo-a-180-premium-auto-u928163
18.260 Km, Mercedes-Benz ,USATO, Classe A ,2023,Automatico,Diesel,27.900 €,https://www.autotorino.it/veicoli/auto/mercedes-benz/classe-a/usato/veicolo-a-180-d-advanced-auto-u854180
14.653 Km, Mercedes-Benz ,USATO, Classe A ,2024,Automatico,Diesel,28.500 €,https://www.autotorino.it/veicoli/auto/mercedes-benz/classe-a/usato/veicolo-a-180-d-advanced-auto-u1010987
15.952 Km, Mercedes-Benz ,USATO, Classe A ,2024,Automatico,Diesel,28.500 €,https://www.autotorino.it/veicoli/auto/mercedes-benz/classe-a/usato/veicolo-a-180-d-advanced-auto-u1010952
15.160 Km, Mercedes-Benz ,USATO, Classe A ,2024,Automatico,Diesel,28.500 €,https://www.autotorino.it/veicoli/auto/mercedes-benz/classe-a/usato/veicolo-a-180-d-advanced-auto-u1017595
10.477 Km, Mercedes-Benz ,USATO, Classe A ,2024,Automatico,Diesel,28.500 €,https://www.autotorino.it/veicoli/auto/mercedes-benz/classe-a/usato/veicolo-a-180-d-advanced-auto-u1010994
15.216 Km, Mercedes-Benz ,USATO, Classe A ,2024,Automatico,Diesel,28.500 €,https://www.autotorino.it/veicoli/auto/mercedes-benz/classe-a/usato/veicolo-a-180-d-advanced-auto-u1010959
11.806 Km, Mercedes-Benz ,USATO, Classe A ,2024,Automatico,Diesel,28.500 €,https://www.autotorino.it/veicoli/auto/mercedes-benz/classe-a/usato/veicolo-a-180-d-advanced-auto-u1010946
13.451 Km, Mercedes-Benz ,USATO, Classe A ,2024,Automatico,Diesel,28.500 €,https://www.autotorino.it/veicoli/auto/mercedes-benz/classe-a/usato/veicolo-a-180-d-advanced-auto-u1011012
11.230 Km, Mercedes-Benz ,USATO, Classe A ,2024,Automatico,Diesel,28.500 €,https://www.autotorino.it/veicoli/auto/mercedes-benz/classe-a/usato/veicolo-a-180-d-advanced-auto-u1011005
11.344 Km, Mercedes-Benz ,USATO, Classe A ,2024,Automatico,Diesel,28.500 €,https://www.autotorino.it/veicoli/auto/mercedes-benz/classe-a/usato/veicolo-a-180-d-advanced-auto-u1010933
14.412 Km, Mercedes-Benz ,USATO, Classe A ,2024,Automatico,Diesel,28.500 €,https://www.autotorino.it/veicoli/auto/mercedes-benz/classe-a/usato/veicolo-a-180-d-advanced-auto-u1010939
13.062 Km, Mercedes-Benz ,USATO, Classe A ,2024,Automatico,Diesel,28.500 €,https://www.autotorino.it/veicoli/auto/mercedes-benz/classe-a/usato/veicolo-a-180-d-advanced-auto-u981906
17.421 Km, Mercedes-Benz ,USATO, Classe A ,2024,Automatico,Diesel,28.500 €,https://www.autotorino.it/veicoli/auto/mercedes-benz/classe-a/usato/veicolo-a-180-d-advanced-auto-u981896
24.503 Km, Mercedes-Benz ,USATO, Classe A ,2024,Automatico,Diesel,28.500 €,https://www.autotorino.it/veicoli/auto/mercedes-benz/classe-a/usato/veicolo-a-180-d-advanced-auto-u981859
12.175 Km, Mercedes-Benz ,USATO, Classe A ,2024,Automatico,Diesel,28.500 €,https://www.autotorino.it/veicoli/auto/mercedes-benz/classe-a/usato/veicolo-a-180-d-advanced-auto-u977689
15.429 Km, Mercedes-Benz ,USATO, Classe A ,2024,Automatico,Diesel,28.500 €,https://www.autotorino.it/veicoli/auto/mercedes-benz/classe-a/usato/veicolo-a-180-d-advanced-auto-u977651
19.863 Km, Mercedes-Benz ,USATO, Classe A ,2024,Automatico,Diesel,28.500 €,https://www.autotorino.it/veicoli/auto/mercedes-benz/classe-a/usato/veicolo-a-180-d-advanced-auto-u967089
21.070 Km, Mercedes-Benz ,USATO, Classe A ,2024,Automatico,Diesel,28.500 €,https://www.autotorino.it/veicoli/auto/mercedes-benz/classe-a/usato/veicolo-a-180-d-advanced-auto-u967115
16.006 Km, Mercedes-Benz ,USATO, Classe A ,2024,Automatico,Diesel,28.500 €,https://www.autotorino.it/veicoli/auto/mercedes-benz/classe-a/usato/veicolo-a-180-d-advanced-auto-u967068
15.314 Km, Mercedes-Benz ,USATO, Classe A ,2024,Automatico,Diesel,28.500 €,https://www.autotorino.it/veicoli/auto/mercedes-benz/classe-a/usato/veicolo-a-180-d-advanced-auto-u967060
21.328 Km, Mercedes-Benz ,USATO, Classe A ,2024,Automatico,Diesel,28.500 €,https://www.autotorino.it/veicoli/auto/mercedes-benz/classe-a/usato/veicolo-a-180-d-advanced-auto-u960986
29.887 Km, Mercedes-Benz ,USATO, Classe A ,2023,Automatico,Diesel,28.900 €,https://www.autotorino.it/veicoli/auto/mercedes-benz/classe-a/usato/veicolo-a-180-d-executive-auto-u943367
96.657 Km, Mercedes-Benz ,USATO, Classe A ,2023,Automatico,Diesel,28.900 €,https://www.autotorino.it/veicoli/auto/mercedes-benz/classe-a/usato/veicolo-a-180-d-premium-night-edition-auto-u964264
57.937 Km, Mercedes-Benz ,USATO, Classe A ,2021,Automatico,Diesel,29.000 €,https://www.autotorino.it/veicoli/auto/mercedes-benz/classe-a/usato/veicolo-a-180-d-premium-night-edition-auto-u998027
64.275 Km, Mercedes-Benz ,USATO, Classe A ,2022,Automatico,Plug-in/Benzina,29.200 €,https://www.autotorino.it/veicoli/auto/mercedes-benz/classe-a/usato/veicolo-a-250-e-phev-eq-power-sport-auto-u939708
72.717 Km, Mercedes-Benz ,USATO, Classe A ,2022,Automatico,Diesel,29.400 €,https://www.autotorino.it/veicoli/auto/mercedes-benz/classe-a/usato/veicolo-a-180-d-premium-auto-u1005014
44.903 Km, Mercedes-Benz ,USATO, Classe A ,2023,Automatico,Diesel,29.400 €,https://www.autotorino.it/veicoli/auto/mercedes-benz/classe-a/usato/veicolo-a-180-d-progressive-advanced-auto-u1008500
51.205 Km, Mercedes-Benz ,USATO, Classe A ,2022,Automatico,Plug-in/Benzina,29.500 €,https://www.autotorino.it/veicoli/auto/mercedes-benz/classe-a/usato/veicolo-a-250-e-phev-eq-power-premium-auto-u929720
7.644 Km, Mercedes-Benz ,USATO, Classe A ,2022,Automatico,Benzina,29.800 €,https://www.autotorino.it/veicoli/auto/mercedes-benz/classe-a/usato/veicolo-a-180-sport-auto-u974636
36.669 Km, Mercedes-Benz ,USATO, Classe A ,2022,Automatico,Diesel,29.900 €,https://www.autotorino.it/veicoli/auto/mercedes-benz/classe-a/usato/veicolo-a-180-d-sport-night-edition-plus-auto-u1023113
8.736 Km, Mercedes-Benz ,USATO, Classe A ,2024,Automatico,Diesel,29.900 €,https://www.autotorino.it/veicoli/auto/mercedes-benz/classe-a/usato/veicolo-a-180-d-advanced-auto-u1002981
11.580 Km, Mercedes-Benz ,USATO, Classe A ,2024,Automatico,Diesel,29.900 €,https://www.autotorino.it/veicoli/auto/mercedes-benz/classe-a/usato/veicolo-a-180-d-advanced-auto-u1002947
13.702 Km, Mercedes-Benz ,USATO, Classe A ,2024,Automatico,Diesel,29.900 €,https://www.autotorino.it/veicoli/auto/mercedes-benz/classe-a/usato/veicolo-a-180-d-advanced-auto-u1002941
7.717 Km, Mercedes-Benz ,USATO, Classe A ,2024,Automatico,Diesel,29.900 €,https://www.autotorino.it/veicoli/auto/mercedes-benz/classe-a/usato/veicolo-a-180-d-advanced-auto-u1002909
12.093 Km, Mercedes-Benz ,USATO, Classe A ,2024,Automatico,Diesel,29.900 €,https://www.autotorino.it/veicoli/auto/mercedes-benz/classe-a/usato/veicolo-a-180-d-advanced-auto-u1003046
79.030 Km, Mercedes-Benz ,USATO, Classe A ,2023,Automatico,Diesel,29.900 €,https://www.autotorino.it/veicoli/auto/mercedes-benz/classe-a/usato/veicolo-a-180-d-premium-auto-u945991
92.050 Km, Mercedes-Benz ,USATO, Classe A ,2020,Automatico,Benzina,29.900 €,https://www.autotorino.it/veicoli/auto/mercedes-benz/classe-a/usato/veicolo-a-amg-35-4matic-auto-u895154
38.384 Km, Mercedes-Benz ,USATO, Classe A ,2022,Automatico,Diesel,30.900 €,https://www.autotorino.it/veicoli/auto/mercedes-benz/classe-a/usato/veicolo-a-180-d-premium-auto-u991487
80.085 Km, Mercedes-Benz ,USATO, Classe A ,2022,Automatico,Diesel,31.000 €,https://www.autotorino.it/veicoli/auto/mercedes-benz/classe-a/usato/veicolo-a-200-d-premium-night-edition-auto-u974121
42.420 Km, Mercedes-Benz ,USATO, Classe A ,2022,Automatico,Plug-in/Benzina,31.400 €,https://www.autotorino.it/veicoli/auto/mercedes-benz/classe-a/usato/veicolo-a-250-e-plug-in-hybrid-e-eq-power-premium-plus-ed-u1005513
21.890 Km, Mercedes-Benz ,USATO, Classe A ,2022,Automatico,Diesel,31.400 €,https://www.autotorino.it/veicoli/auto/mercedes-benz/classe-a/usato/veicolo-a-180-d-premium-auto-u1011208
39.632 Km, Mercedes-Benz ,USATO, Classe A ,2021,Automatico,Diesel,31.400 €,https://www.autotorino.it/veicoli/auto/mercedes-benz/classe-a/usato/veicolo-a-180-d-premium-auto-u988053
53.088 Km, Mercedes-Benz ,USATO, Classe A ,2023,Automatico,Diesel,31.500 €,https://www.autotorino.it/veicoli/auto/mercedes-benz/classe-a/usato/veicolo-a-180-d-premium-auto-u965894
58.045 Km, Mercedes-Benz ,USATO, Classe A ,2023,Automatico,Diesel,31.500 €,https://www.autotorino.it/veicoli/auto/mercedes-benz/classe-a/usato/veicolo-a-180-d-premium-auto-u953247
54.169 Km, Mercedes-Benz ,USATO, Classe A ,2022,Automatico,Diesel,31.500 €,https://www.autotorino.it/veicoli/auto/mercedes-benz/classe-a/usato/veicolo-a-200-d-premium-night-edition-auto-u886204
29.608 Km, Mercedes-Benz ,USATO, Classe A ,2022,Automatico,Diesel,31.700 €,https://www.autotorino.it/veicoli/auto/mercedes-benz/classe-a/usato/veicolo-a-180-d-premium-auto-u973631
19.038 Km, Mercedes-Benz ,AZIENDALE, Classe A ,2024,Automatico,Diesel,32.100 €,https://www.autotorino.it/veicoli/auto/mercedes-benz/classe-a/aziendale/veicolo-a-180-d-automatic-advanced-plus-progressive-n1499332
19.006 Km, Mercedes-Benz ,AZIENDALE, Classe A ,2024,Automatico,Diesel,32.400 €,https://www.autotorino.it/veicoli/auto/mercedes-benz/classe-a/aziendale/veicolo-a-180-d-automatic-advanced-plus-progressive-n1499335
19.338 Km, Mercedes-Benz ,AZIENDALE, Classe A ,2024,Automatico,Diesel,32.400 €,https://www.autotorino.it/veicoli/auto/mercedes-benz/classe-a/aziendale/veicolo-a-180-d-automatic-advanced-plus-progressive-n1499108
2.470 Km, Mercedes-Benz ,USATO, Classe A ,2025,Automatico,Diesel,32.500 €,https://www.autotorino.it/veicoli/auto/mercedes-benz/classe-a/usato/veicolo-a-180-d-progressive-advanced-auto-u1013948
58.182 Km, Mercedes-Benz ,USATO, Classe A ,2022,Automatico,Diesel,32.500 €,https://www.autotorino.it/veicoli/auto/mercedes-benz/classe-a/usato/veicolo-a-220-d-premium-auto-u942153
21.355 Km, Mercedes-Benz ,AZIENDALE, Classe A ,2024,Automatico,Diesel,32.600 €,https://www.autotorino.it/veicoli/auto/mercedes-benz/classe-a/aziendale/veicolo-a-180-d-automatic-advanced-plus-progressive-n1498930
30.352 Km, Mercedes-Benz ,AZIENDALE, Classe A ,2024,Automatico,Diesel,32.700 €,https://www.autotorino.it/veicoli/auto/mercedes-benz/classe-a/aziendale/veicolo-a-180-d-automatic-advanced-plus-progressive-n1499341
18.090 Km, Mercedes-Benz ,AZIENDALE, Classe A ,2024,Automatico,Diesel,32.700 €,https://www.autotorino.it/veicoli/auto/mercedes-benz/classe-a/aziendale/veicolo-a-180-d-automatic-advanced-plus-progressive-n1499340
10.628 Km, Mercedes-Benz ,AZIENDALE, Classe A ,2024,Automatico,Diesel,32.700 €,https://www.autotorino.it/veicoli/auto/mercedes-benz/classe-a/aziendale/veicolo-a-180-d-automatic-advanced-plus-progressive-n1498870
25.327 Km, Mercedes-Benz ,AZIENDALE, Classe A ,2023,Automatico,Diesel,32.800 €,https://www.autotorino.it/veicoli/auto/mercedes-benz/classe-a/km-0/veicolo-a-180-d-automatic-premium-n1419680
23.645 Km, Mercedes-Benz ,USATO, Classe A ,2023,Automatico,Plug-in/Benzina,32.900 €,https://www.autotorino.it/veicoli/auto/mercedes-benz/classe-a/usato/veicolo-a-250-e-phev-progressive-advanced-plus-auto-u963617
52.375 Km, Mercedes-Benz ,USATO, Classe A ,2022,Automatico,Diesel,32.900 €,https://www.autotorino.it/veicoli/auto/mercedes-benz/classe-a/usato/veicolo-a-200-d-premium-auto-u920031
7.790 Km, Mercedes-Benz ,AZIENDALE, Classe A ,2024,Automatico,Diesel,32.900 €,https://www.autotorino.it/veicoli/auto/mercedes-benz/classe-a/aziendale/veicolo-a-180-d-automatic-advanced-progressive-n1487506
20.508 Km, Mercedes-Benz ,AZIENDALE, Classe A ,2024,Automatico,Diesel,32.900 €,https://www.autotorino.it/veicoli/auto/mercedes-benz/classe-a/aziendale/veicolo-a-180-d-automatic-advanced-plus-progressive-n1499112
18.255 Km, Mercedes-Benz ,AZIENDALE, Classe A ,2024,Automatico,Diesel,33.000 €,https://www.autotorino.it/veicoli/auto/mercedes-benz/classe-a/aziendale/veicolo-a-180-d-automatic-advanced-progressive-n1487526
17.232 Km, Mercedes-Benz ,AZIENDALE, Classe A ,2024,Automatico,Diesel,33.000 €,https://www.autotorino.it/veicoli/auto/mercedes-benz/classe-a/aziendale/veicolo-a-180-d-automatic-advanced-plus-progressive-n1498927
16.651 Km, Mercedes-Benz ,AZIENDALE, Classe A ,2024,Automatico,Diesel,33.000 €,https://www.autotorino.it/veicoli/auto/mercedes-benz/classe-a/aziendale/veicolo-a-180-d-automatic-advanced-plus-progressive-n1498925
14.043 Km, Mercedes-Benz ,AZIENDALE, Classe A ,2024,Automatico,Diesel,33.100 €,https://www.autotorino.it/veicoli/auto/mercedes-benz/classe-a/aziendale/veicolo-a-180-d-automatic-advanced-plus-progressive-n1499469
17.040 Km, Mercedes-Benz ,AZIENDALE, Classe A ,2024,Automatico,Diesel,33.100 €,https://www.autotorino.it/veicoli/auto/mercedes-benz/classe-a/aziendale/veicolo-a-180-d-automatic-advanced-plus-progressive-n1499402
20.156 Km, Mercedes-Benz ,AZIENDALE, Classe A ,2024,Automatico,Diesel,33.100 €,https://www.autotorino.it/veicoli/auto/mercedes-benz/classe-a/aziendale/veicolo-a-180-d-automatic-advanced-plus-progressive-n1499210
17.365 Km, Mercedes-Benz ,AZIENDALE, Classe A ,2024,Automatico,Diesel,33.100 €,https://www.autotorino.it/veicoli/auto/mercedes-benz/classe-a/aziendale/veicolo-a-180-d-automatic-advanced-plus-progressive-n1499200
18.301 Km, Mercedes-Benz ,AZIENDALE, Classe A ,2024,Automatico,Diesel,33.100 €,https://www.autotorino.it/veicoli/auto/mercedes-benz/classe-a/aziendale/veicolo-a-180-d-automatic-advanced-plus-progressive-n1499131
8.073 Km, Mercedes-Benz ,AZIENDALE, Classe A ,2024,Automatico,Diesel,33.100 €,https://www.autotorino.it/veicoli/auto/mercedes-benz/classe-a/aziendale/veicolo-a-180-d-automatic-advanced-plus-progressive-n1498895
20.574 Km, Mercedes-Benz ,AZIENDALE, Classe A ,2024,Automatico,Diesel,33.100 €,https://www.autotorino.it/veicoli/auto/mercedes-benz/classe-a/aziendale/veicolo-a-180-d-automatic-advanced-plus-progressive-n1498725
8.053 Km, Mercedes-Benz ,AZIENDALE, Classe A ,2024,Automatico,Diesel,33.100 €,https://www.autotorino.it/veicoli/auto/mercedes-benz/classe-a/aziendale/veicolo-a-180-d-automatic-advanced-plus-progressive-n1499018
40.034 Km, Mercedes-Benz ,USATO, Classe A ,2023,Automatico,Diesel,33.200 €,https://www.autotorino.it/veicoli/auto/mercedes-benz/classe-a/usato/veicolo-a-180-d-premium-auto-u1012007
14.322 Km, Mercedes-Benz ,AZIENDALE, Classe A ,2024,Automatico,Diesel,33.200 €,https://www.autotorino.it/veicoli/auto/mercedes-benz/classe-a/aziendale/veicolo-a-180-d-automatic-advanced-plus-progressive-n1499184
3.080 Km, Mercedes-Benz ,AZIENDALE, Classe A ,2024,Automatico,Diesel,33.300 €,https://www.autotorino.it/veicoli/auto/mercedes-benz/classe-a/aziendale/veicolo-a-180-d-automatic-advanced-progressive-n1487521
18.232 Km, Mercedes-Benz ,AZIENDALE, Classe A ,2024,Automatico,Diesel,33.300 €,https://www.autotorino.it/veicoli/auto/mercedes-benz/classe-a/aziendale/veicolo-a-180-d-automatic-advanced-plus-progressive-n1499116
16.900 Km, Mercedes-Benz ,AZIENDALE, Classe A ,2024,Automatico,Diesel,33.300 €,https://www.autotorino.it/veicoli/auto/mercedes-benz/classe-a/aziendale/veicolo-a-180-d-automatic-advanced-plus-progressive-n1499114
14.961 Km, Mercedes-Benz ,AZIENDALE, Classe A ,2024,Automatico,Diesel,33.300 €,https://www.autotorino.it/veicoli/auto/mercedes-benz/classe-a/aziendale/veicolo-a-180-d-automatic-advanced-plus-progressive-n1499078
22.499 Km, Mercedes-Benz ,AZIENDALE, Classe A ,2024,Automatico,Diesel,33.300 €,https://www.autotorino.it/veicoli/auto/mercedes-benz/classe-a/aziendale/veicolo-a-180-d-automatic-advanced-plus-progressive-n1499085
35.370 Km, Mercedes-Benz ,USATO, Classe A ,2023,Automatico,Ibrido/Benzina,33.400 €,https://www.autotorino.it/veicoli/auto/mercedes-benz/classe-a/usato/veicolo-a-180-progressive-advanced-auto-u931741
15.623 Km, Mercedes-Benz ,AZIENDALE, Classe A ,2024,Automatico,Diesel,33.400 €,https://www.autotorino.it/veicoli/auto/mercedes-benz/classe-a/aziendale/veicolo-a-180-d-automatic-advanced-plus-progressive-n1498872
5.503 Km, Mercedes-Benz ,AZIENDALE, Classe A ,2024,Automatico,Diesel,33.500 €,https://www.autotorino.it/veicoli/auto/mercedes-benz/classe-a/aziendale/veicolo-a-180-d-automatic-advanced-plus-progressive-n1495052
15.304 Km, Mercedes-Benz ,AZIENDALE, Classe A ,2024,Automatico,Diesel,33.700 €,https://www.autotorino.it/veicoli/auto/mercedes-benz/classe-a/aziendale/veicolo-a-180-d-automatic-advanced-plus-progressive-n1499336
19.350 Km, Mercedes-Benz ,AZIENDALE, Classe A ,2023,Automatico,Diesel,33.700 €,https://www.autotorino.it/veicoli/auto/mercedes-benz/classe-a/km-0/veicolo-a-180-d-automatic-advanced-plus-amg-line-n1446837
14.617 Km, Mercedes-Benz ,AZIENDALE, Classe A ,2024,Automatico,Diesel,33.800 €,https://www.autotorino.it/veicoli/auto/mercedes-benz/classe-a/aziendale/veicolo-a-180-d-automatic-advanced-progressive-n1487528
8.900 Km, Mercedes-Benz ,AZIENDALE, Classe A ,2024,Automatico,Diesel,33.800 €,https://www.autotorino.it/veicoli/auto/mercedes-benz/classe-a/aziendale/veicolo-a-180-d-automatic-advanced-progressive-n1487524
10.437 Km, Mercedes-Benz ,AZIENDALE, Classe A ,2024,Automatico,Diesel,33.800 €,https://www.autotorino.it/veicoli/auto/mercedes-benz/classe-a/aziendale/veicolo-a-180-d-automatic-advanced-progressive-n1487520
13.926 Km, Mercedes-Benz ,AZIENDALE, Classe A ,2024,Automatico,Diesel,33.800 €,https://www.autotorino.it/veicoli/auto/mercedes-benz/classe-a/aziendale/veicolo-a-180-d-automatic-advanced-plus-progressive-n1499234
9.200 Km, Mercedes-Benz ,AZIENDALE, Classe A ,2024,Automatico,Diesel,33.800 €,https://www.autotorino.it/veicoli/auto/mercedes-benz/classe-a/aziendale/veicolo-a-180-d-automatic-advanced-progressive-n1487522
73.460 Km, Mercedes-Benz ,USATO, Classe A ,2022,Automatico,Diesel,33.900 €,https://www.autotorino.it/veicoli/auto/mercedes-benz/classe-a/usato/veicolo-a-220-d-premium-4matic-auto-u1018327
98.217 Km, Mercedes-Benz ,USATO, Classe A ,2023,Automatico,Diesel,33.900 €,https://www.autotorino.it/veicoli/auto/mercedes-benz/classe-a/usato/veicolo-a-200-d-premium-amg-line-auto-u894260
51.810 Km, Mercedes-Benz ,USATO, Classe A ,2023,Automatico,Diesel,33.900 €,https://www.autotorino.it/veicoli/auto/mercedes-benz/classe-a/usato/veicolo-a-180-d-amg-line-advanced-plus-auto-u956718
7.504 Km, Mercedes-Benz ,AZIENDALE, Classe A ,2024,Automatico,Diesel,33.900 €,https://www.autotorino.it/veicoli/auto/mercedes-benz/classe-a/aziendale/veicolo-a-180-d-automatic-advanced-progressive-n1487519
26.389 Km, Mercedes-Benz ,AZIENDALE, Classe A ,2024,Automatico,Diesel,33.900 €,https://www.autotorino.it/veicoli/auto/mercedes-benz/classe-a/aziendale/veicolo-a-180-d-automatic-advanced-plus-progressive-n1498974
13.176 Km, Mercedes-Benz ,AZIENDALE, Classe A ,2024,Automatico,Diesel,34.000 €,https://www.autotorino.it/veicoli/auto/mercedes-benz/classe-a/aziendale/veicolo-a-180-d-automatic-advanced-plus-progressive-n1499140
12.454 Km, Mercedes-Benz ,AZIENDALE, Classe A ,2024,Automatico,Diesel,34.000 €,https://www.autotorino.it/veicoli/auto/mercedes-benz/classe-a/aziendale/veicolo-a-180-d-automatic-advanced-plus-progressive-n1498920
16.715 Km, Mercedes-Benz ,AZIENDALE, Classe A ,2024,Automatico,Diesel,34.200 €,https://www.autotorino.it/veicoli/auto/mercedes-benz/classe-a/aziendale/veicolo-a-180-d-automatic-advanced-plus-progressive-n1499345
12.518 Km, Mercedes-Benz ,AZIENDALE, Classe A ,2024,Automatico,Diesel,34.300 €,https://www.autotorino.it/veicoli/auto/mercedes-benz/classe-a/aziendale/veicolo-a-180-d-automatic-advanced-plus-amg-line-n1499474
19.833 Km, Mercedes-Benz ,AZIENDALE, Classe A ,2023,Automatico,Diesel,34.300 €,https://www.autotorino.it/veicoli/auto/mercedes-benz/classe-a/aziendale/veicolo-a-180-d-automatic-n1446834
10 Km, Mercedes-Benz ,KM 0, Classe A Berlina ,2024,Automatico,Diesel,34.300 €,https://www.autotorino.it/veicoli/auto/mercedes-benz/classe-a-berlina/km-0/veicolo-a-180-d-automatic-advanced-plus-amg-line-n1487348
19.105 Km, Mercedes-Benz ,AZIENDALE, Classe A ,2023,Automatico,Diesel,34.400 €,https://www.autotorino.it/veicoli/auto/mercedes-benz/classe-a/km-0/veicolo-a-180-d-automatic-premium-n1424039
16.979 Km, Mercedes-Benz ,AZIENDALE, Classe A ,2024,Automatico,Diesel,34.500 €,https://www.autotorino.it/veicoli/auto/mercedes-benz/classe-a/aziendale/veicolo-a-180-d-automatic-advanced-amg-line-n1499166
19.606 Km, Mercedes-Benz ,AZIENDALE, Classe A ,2024,Automatico,Diesel,34.600 €,https://www.autotorino.it/veicoli/auto/mercedes-benz/classe-a/aziendale/veicolo-a-180-d-automatic-advanced-amg-line-n1487511
16.996 Km, Mercedes-Benz ,AZIENDALE, Classe A ,2024,Automatico,Diesel,34.600 €,https://www.autotorino.it/veicoli/auto/mercedes-benz/classe-a/aziendale/veicolo-a-180-d-automatic-advanced-plus-amg-line-n1499193
18.966 Km, Mercedes-Benz ,AZIENDALE, Classe A ,2024,Automatico,Diesel,34.600 €,https://www.autotorino.it/veicoli/auto/mercedes-benz/classe-a/aziendale/veicolo-a-180-d-automatic-advanced-plus-amg-line-n1499176
17.180 Km, Mercedes-Benz ,AZIENDALE, Classe A ,2024,Automatico,Diesel,34.700 €,https://www.autotorino.it/veicoli/auto/mercedes-benz/classe-a/aziendale/veicolo-a-180-d-automatic-advanced-plus-progressive-n1499073
15.365 Km, Mercedes-Benz ,AZIENDALE, Classe A ,2024,Automatico,Diesel,34.700 €,https://www.autotorino.it/veicoli/auto/mercedes-benz/classe-a/aziendale/veicolo-a-180-d-automatic-advanced-plus-amg-line-n1506838
18.600 Km, Mercedes-Benz ,AZIENDALE, Classe A ,2024,Automatico,Diesel,34.700 €,https://www.autotorino.it/veicoli/auto/mercedes-benz/classe-a/aziendale/veicolo-a-180-d-automatic-advanced-plus-amg-line-n1500414
6.944 Km, Mercedes-Benz ,AZIENDALE, Classe A ,2024,Automatico,Diesel,34.700 €,https://www.autotorino.it/veicoli/auto/mercedes-benz/classe-a/aziendale/veicolo-a-180-d-automatic-advanced-plus-amg-line-n1497043
4.347 Km, Mercedes-Benz ,AZIENDALE, Classe A ,2024,Automatico,Diesel,34.800 €,https://www.autotorino.it/veicoli/auto/mercedes-benz/classe-a/aziendale/veicolo-a-180-d-automatic-advanced-amg-line-n1503536
14.880 Km, Mercedes-Benz ,AZIENDALE, Classe A ,2024,Automatico,Diesel,34.800 €,https://www.autotorino.it/veicoli/auto/mercedes-benz/classe-a/aziendale/veicolo-a-180-d-automatic-advanced-plus-amg-line-n1497080
11.332 Km, Mercedes-Benz ,AZIENDALE, Classe A ,2024,Automatico,Diesel,34.800 €,https://www.autotorino.it/veicoli/auto/mercedes-benz/classe-a/aziendale/veicolo-a-180-d-automatic-advanced-plus-amg-line-n1497078
10.250 Km, Mercedes-Benz ,AZIENDALE, Classe A ,2024,Automatico,Diesel,34.800 €,https://www.autotorino.it/veicoli/auto/mercedes-benz/classe-a/aziendale/veicolo-a-180-d-automatic-advanced-plus-amg-line-n1497041
11.558 Km, Mercedes-Benz ,AZIENDALE, Classe A ,2024,Automatico,Diesel,34.800 €,https://www.autotorino.it/veicoli/auto/mercedes-benz/classe-a/aziendale/veicolo-a-180-d-automatic-advanced-plus-amg-line-n1497039
12.401 Km, Mercedes-Benz ,AZIENDALE, Classe A ,2024,Automatico,Diesel,34.800 €,https://www.autotorino.it/veicoli/auto/mercedes-benz/classe-a/aziendale/veicolo-a-180-d-automatic-advanced-plus-amg-line-n1497038
32.259 Km, Mercedes-Benz ,USATO, Classe A ,2023,Automatico,Diesel,34.900 €,https://www.autotorino.it/veicoli/auto/mercedes-benz/classe-a/usato/veicolo-a-180-d-amg-line-advanced-plus-auto-u991592
19.812 Km, Mercedes-Benz ,AZIENDALE, Classe A ,2024,Automatico,Diesel,34.900 €,https://www.autotorino.it/veicoli/auto/mercedes-benz/classe-a/aziendale/veicolo-a-180-d-automatic-advanced-plus-amg-line-n1499338
21.082 Km, Mercedes-Benz ,AZIENDALE, Classe A ,2023,Automatico,Diesel,34.900 €,https://www.autotorino.it/veicoli/auto/mercedes-benz/classe-a/km-0/veicolo-a-180-d-automatic-advanced-plus-amg-line-n1446836
11.229 Km, Mercedes-Benz ,AZIENDALE, Classe A ,2023,Automatico,Diesel,34.900 €,https://www.autotorino.it/veicoli/auto/mercedes-benz/classe-a/km-0/veicolo-a-180-d-automatic-advanced-plus-amg-line-n1446835
21.033 Km, Mercedes-Benz ,AZIENDALE, Classe A ,2023,Automatico,Diesel,34.900 €,https://www.autotorino.it/veicoli/auto/mercedes-benz/classe-a/km-0/veicolo-a-180-d-automatic-advanced-plus-amg-line-n1446833
26.365 Km, Mercedes-Benz ,AZIENDALE, Classe A ,2023,Automatico,Diesel,34.900 €,https://www.autotorino.it/veicoli/auto/mercedes-benz/classe-a/km-0/veicolo-a-180-d-automatic-advanced-plus-amg-line-n1446812
10.300 Km, Mercedes-Benz ,AZIENDALE, Classe A ,2023,Automatico,Diesel,34.900 €,https://www.autotorino.it/veicoli/auto/mercedes-benz/classe-a/km-0/veicolo-a-180-d-automatic-advanced-plus-amg-line-n1446811
18.107 Km, Mercedes-Benz ,AZIENDALE, Classe A ,2023,Automatico,Diesel,34.900 €,https://www.autotorino.it/veicoli/auto/mercedes-benz/classe-a/km-0/veicolo-a-180-d-automatic-advanced-plus-amg-line-n1446810
14.173 Km, Mercedes-Benz ,AZIENDALE, Classe A ,2023,Automatico,Diesel,34.900 €,https://www.autotorino.it/veicoli/auto/mercedes-benz/classe-a/km-0/veicolo-a-180-d-automatic-advanced-plus-amg-line-n1446801
18.389 Km, Mercedes-Benz ,AZIENDALE, Classe A ,2023,Automatico,Diesel,34.900 €,https://www.autotorino.it/veicoli/auto/mercedes-benz/classe-a/km-0/veicolo-a-180-d-automatic-premium-n1424037
20.792 Km, Mercedes-Benz ,AZIENDALE, Classe A ,2023,Automatico,Diesel,34.900 €,https://www.autotorino.it/veicoli/auto/mercedes-benz/classe-a/km-0/veicolo-a-180-d-automatic-advanced-plus-amg-line-n1454969
16.960 Km, Mercedes-Benz ,AZIENDALE, Classe A ,2023,Automatico,Diesel,34.900 €,https://www.autotorino.it/veicoli/auto/mercedes-benz/classe-a/km-0/veicolo-a-180-d-automatic-advanced-plus-amg-line-n1454968
16.381 Km, Mercedes-Benz ,AZIENDALE, Classe A ,2023,Automatico,Diesel,34.900 €,https://www.autotorino.it/veicoli/auto/mercedes-benz/classe-a/km-0/veicolo-a-180-d-automatic-advanced-plus-amg-line-n1454963
30.511 Km, Mercedes-Benz ,AZIENDALE, Classe A ,2023,Automatico,Diesel,34.900 €,https://www.autotorino.it/veicoli/auto/mercedes-benz/classe-a/km-0/veicolo-a-180-d-automatic-advanced-plus-amg-line-n1454953
17.147 Km, Mercedes-Benz ,AZIENDALE, Classe A ,2023,Automatico,Diesel,34.900 €,https://www.autotorino.it/veicoli/auto/mercedes-benz/classe-a/km-0/veicolo-a-180-d-automatic-advanced-plus-amg-line-n1454930
23.636 Km, Mercedes-Benz ,AZIENDALE, Classe A ,2023,Automatico,Diesel,34.900 €,https://www.autotorino.it/veicoli/auto/mercedes-benz/classe-a/km-0/veicolo-a-180-d-automatic-advanced-plus-amg-line-n1454927
20.827 Km, Mercedes-Benz ,AZIENDALE, Classe A ,2023,Automatico,Diesel,34.900 €,https://www.autotorino.it/veicoli/auto/mercedes-benz/classe-a/km-0/veicolo-a-180-d-automatic-advanced-plus-amg-line-n1454919
4.560 Km, Mercedes-Benz ,AZIENDALE, Classe A ,2024,Automatico,Diesel,35.000 €,https://www.autotorino.it/veicoli/auto/mercedes-benz/classe-a/aziendale/veicolo-a-180-d-automatic-advanced-plus-amg-line-edizione-speciale-limitata-digital-edition-n1512918
25.154 Km, Mercedes-Benz ,AZIENDALE, Classe A ,2024,Automatico,Diesel,35.000 €,https://www.autotorino.it/veicoli/auto/mercedes-benz/classe-a/aziendale/veicolo-a-180-d-automatic-advanced-plus-amg-line-n1499220
9.111 Km, Mercedes-Benz ,AZIENDALE, Classe A ,2024,Automatico,Diesel,35.200 €,https://www.autotorino.it/veicoli/auto/mercedes-benz/classe-a/aziendale/veicolo-a-180-d-automatic-advanced-plus-amg-line-edizione-speciale-limitata-digital-edition-n1509404
13.073 Km, Mercedes-Benz ,AZIENDALE, Classe A ,2024,Automatico,Diesel,35.200 €,https://www.autotorino.it/veicoli/auto/mercedes-benz/classe-a/aziendale/veicolo-a-180-d-automatic-advanced-plus-amg-line-digital-edition-n1500222
7.120 Km, Mercedes-Benz ,AZIENDALE, Classe A ,2024,Automatico,Diesel,35.200 €,https://www.autotorino.it/veicoli/auto/mercedes-benz/classe-a/aziendale/veicolo-a-180-d-automatic-advanced-plus-amg-line-n1499915
4.463 Km, Mercedes-Benz ,AZIENDALE, Classe A ,2024,Automatico,Diesel,35.200 €,https://www.autotorino.it/veicoli/auto/mercedes-benz/classe-a/aziendale/veicolo-a-180-d-automatic-advanced-plus-amg-line-edizione-speciale-limitata-digital-edition-n1512873
14.114 Km, Mercedes-Benz ,AZIENDALE, Classe A ,2024,Automatico,Diesel,35.200 €,https://www.autotorino.it/veicoli/auto/mercedes-benz/classe-a/aziendale/veicolo-a-180-d-automatic-advanced-amg-line-n1503592
24.425 Km, Mercedes-Benz ,AZIENDALE, Classe A ,2023,Automatico,Diesel,35.200 €,https://www.autotorino.it/veicoli/auto/mercedes-benz/classe-a/km-0/veicolo-a-180-d-automatic-advanced-plus-amg-line-n1454965
10 Km, Mercedes-Benz ,KM 0, Classe A ,2024,Automatico,Diesel,35.300 €,https://www.autotorino.it/veicoli/auto/mercedes-benz/classe-a/km-0/veicolo-a-180-d-automatic-advanced-plus-amg-line-edizione-speciale-limitata-digital-edition-n1499937
4.170 Km, Mercedes-Benz ,AZIENDALE, Classe A ,2024,Automatico,Diesel,35.300 €,https://www.autotorino.it/veicoli/auto/mercedes-benz/classe-a/aziendale/veicolo-a-180-d-automatic-advanced-plus-amg-line-edizione-speciale-limitata-digital-edition-n1499929
6.250 Km, Mercedes-Benz ,AZIENDALE, Classe A ,2024,Automatico,Diesel,35.300 €,https://www.autotorino.it/veicoli/auto/mercedes-benz/classe-a/aziendale/veicolo-a-180-d-automatic-advanced-plus-amg-line-edizione-speciale-limitata-digital-edition-n1499960
21.234 Km, Mercedes-Benz ,AZIENDALE, Classe A ,2023,Automatico,Diesel,35.300 €,https://www.autotorino.it/veicoli/auto/mercedes-benz/classe-a/km-0/veicolo-a-180-d-automatic-premium-n1419773
6.500 Km, Mercedes-Benz ,AZIENDALE, Classe A ,2024,Automatico,Diesel,35.400 €,https://www.autotorino.it/veicoli/auto/mercedes-benz/classe-a/aziendale/veicolo-a-180-d-automatic-advanced-plus-amg-line-edizione-speciale-limitata-digital-edition-n1512973
6.456 Km, Mercedes-Benz ,AZIENDALE, Classe A ,2024,Automatico,Diesel,35.400 €,https://www.autotorino.it/veicoli/auto/mercedes-benz/classe-a/aziendale/veicolo-a-180-d-automatic-advanced-plus-amg-line-edizione-speciale-limitata-digital-edition-n1512969
3.422 Km, Mercedes-Benz ,AZIENDALE, Classe A ,2024,Automatico,Diesel,35.400 €,https://www.autotorino.it/veicoli/auto/mercedes-benz/classe-a/aziendale/veicolo-a-180-d-automatic-advanced-plus-amg-line-digital-edition-n1499905
18.917 Km, Mercedes-Benz ,AZIENDALE, Classe A ,2024,Automatico,Diesel,35.500 €,https://www.autotorino.it/veicoli/auto/mercedes-benz/classe-a/aziendale/veicolo-a-180-d-automatic-advanced-plus-amg-line-n1499912
18.250 Km, Mercedes-Benz ,AZIENDALE, Classe A ,2024,Automatico,Diesel,35.600 €,https://www.autotorino.it/veicoli/auto/mercedes-benz/classe-a/aziendale/veicolo-a-180-d-automatic-advanced-plus-amg-line-n1506583
6.324 Km, Mercedes-Benz ,AZIENDALE, Classe A ,2024,Automatico,Diesel,35.600 €,https://www.autotorino.it/veicoli/auto/mercedes-benz/classe-a/aziendale/veicolo-a-180-d-automatic-advanced-plus-amg-line-edizione-speciale-limitata-digital-edition-n1517639
9.477 Km, Mercedes-Benz ,AZIENDALE, Classe A ,2024,Automatico,Diesel,35.600 €,https://www.autotorino.it/veicoli/auto/mercedes-benz/classe-a/aziendale/veicolo-a-180-d-automatic-advanced-plus-amg-line-digital-edition-n1512872
10.098 Km, Mercedes-Benz ,AZIENDALE, Classe A ,2024,Automatico,Diesel,35.600 €,https://www.autotorino.it/veicoli/auto/mercedes-benz/classe-a/aziendale/veicolo-a-180-d-automatic-advanced-plus-amg-line-edizione-speciale-limitata-digital-edition-n1509414
9.098 Km, Mercedes-Benz ,AZIENDALE, Classe A ,2024,Automatico,Diesel,35.600 €,https://www.autotorino.it/veicoli/auto/mercedes-benz/classe-a/aziendale/veicolo-a-180-d-automatic-advanced-plus-amg-line-edizione-speciale-limitata-digital-edition-n1509407
9.586 Km, Mercedes-Benz ,AZIENDALE, Classe A ,2024,Automatico,Diesel,35.600 €,https://www.autotorino.it/veicoli/auto/mercedes-benz/classe-a/aziendale/veicolo-a-180-d-automatic-advanced-plus-amg-line-edizione-speciale-limitata-digital-edition-n1499934
7.120 Km, Mercedes-Benz ,AZIENDALE, Classe A ,2024,Automatico,Diesel,35.600 €,https://www.autotorino.it/veicoli/auto/mercedes-benz/classe-a/aziendale/veicolo-a-180-d-automatic-advanced-plus-amg-line-digital-edition-n1496976
10.207 Km, Mercedes-Benz ,AZIENDALE, Classe A ,2024,Automatico,Diesel,35.700 €,https://www.autotorino.it/veicoli/auto/mercedes-benz/classe-a/aziendale/veicolo-a-180-d-automatic-advanced-plus-amg-line-n1499913
6.900 Km, Mercedes-Benz ,AZIENDALE, Classe A ,2024,Automatico,Diesel,35.700 €,https://www.autotorino.it/veicoli/auto/mercedes-benz/classe-a/aziendale/veicolo-a-180-d-automatic-advanced-plus-amg-line-edizione-speciale-limitata-digital-edition-n1513036
5.975 Km, Mercedes-Benz ,AZIENDALE, Classe A ,2024,Automatico,Diesel,35.700 €,https://www.autotorino.it/veicoli/auto/mercedes-benz/classe-a/aziendale/veicolo-a-180-d-automatic-advanced-plus-amg-line-edizione-speciale-limitata-digital-edition-n1496971
9.829 Km, Mercedes-Benz ,AZIENDALE, Classe A ,2024,Automatico,Diesel,35.700 €,https://www.autotorino.it/veicoli/auto/mercedes-benz/classe-a/aziendale/veicolo-a-180-d-automatic-advanced-plus-amg-line-n1495218
18.990 Km, Mercedes-Benz ,AZIENDALE, Classe A ,2023,Automatico,Diesel,35.700 €,https://www.autotorino.it/veicoli/auto/mercedes-benz/classe-a/km-0/veicolo-a-180-d-automatic-premium-n1410528
6.677 Km, Mercedes-Benz ,AZIENDALE, Classe A ,2024,Automatico,Diesel,35.800 €,https://www.autotorino.it/veicoli/auto/mercedes-benz/classe-a/aziendale/veicolo-a-180-d-automatic-advanced-plus-amg-line-n1519150
7.627 Km, Mercedes-Benz ,AZIENDALE, Classe A ,2024,Automatico,Diesel,35.800 €,https://www.autotorino.it/veicoli/auto/mercedes-benz/classe-a/aziendale/veicolo-a-180-d-automatic-advanced-plus-amg-line-n1519146
10 Km, Mercedes-Benz ,KM 0, Classe A ,2024,Automatico,Diesel,35.800 €,https://www.autotorino.it/veicoli/auto/mercedes-benz/classe-a/km-0/veicolo-a-180-d-automatic-advanced-plus-amg-line-n1519136
8.756 Km, Mercedes-Benz ,AZIENDALE, Classe A ,2024,Automatico,Diesel,35.600 €,https://www.autotorino.it/veicoli/auto/mercedes-benz/classe-a/aziendale/veicolo-a-180-d-automatic-advanced-plus-amg-line-digital-edition-n1499919
2.891 Km, Mercedes-Benz ,AZIENDALE, Classe A ,2024,Automatico,Diesel,35.600 €,https://www.autotorino.it/veicoli/auto/mercedes-benz/classe-a/aziendale/veicolo-a-180-d-automatic-advanced-plus-amg-line-edizione-speciale-limitata-digital-edition-n1512980
4.948 Km, Mercedes-Benz ,AZIENDALE, Classe A ,2024,Automatico,Diesel,35.800 €,https://www.autotorino.it/veicoli/auto/mercedes-benz/classe-a/aziendale/veicolo-a-180-d-automatic-advanced-plus-amg-line-edizione-speciale-limitata-digital-edition-n1509406
7.800 Km, Mercedes-Benz ,AZIENDALE, Classe A ,2024,Automatico,Diesel,35.800 €,https://www.autotorino.it/veicoli/auto/mercedes-benz/classe-a/aziendale/veicolo-a-180-d-automatic-advanced-plus-amg-line-edizione-speciale-limitata-digital-edition-n1499928
10 Km, Mercedes-Benz ,KM 0, Classe A ,2024,Automatico,Diesel,35.800 €,https://www.autotorino.it/veicoli/auto/mercedes-benz/classe-a/km-0/veicolo-a-180-d-automatic-advanced-plus-amg-line-n1519129
4.100 Km, Mercedes-Benz ,AZIENDALE, Classe A ,2024,Automatico,Diesel,35.800 €,https://www.autotorino.it/veicoli/auto/mercedes-benz/classe-a/aziendale/veicolo-a-180-d-automatic-advanced-plus-amg-line-digital-edition-n1496995
16.379 Km, Mercedes-Benz ,AZIENDALE, Classe A ,2024,Manuale,Diesel,35.800 €,https://www.autotorino.it/veicoli/auto/mercedes-benz/classe-a/aziendale/veicolo-a-180-d-automatic-advanced-plus-amg-line-n1498951
6.700 Km, Mercedes-Benz ,AZIENDALE, Classe A ,2024,Automatico,Diesel,35.800 €,https://www.autotorino.it/veicoli/auto/mercedes-benz/classe-a/aziendale/veicolo-a-180-d-automatic-advanced-plus-amg-line-n1512889
17.813 Km, Mercedes-Benz ,USATO, Classe A ,2023,Automatico,Plug-in/Benzina,35.900 €,https://www.autotorino.it/veicoli/auto/mercedes-benz/classe-a/usato/veicolo-a-250-e-phev-amg-line-advanced-plus-auto-u1011044
18.675 Km, Mercedes-Benz ,USATO, Classe A ,2023,Automatico,Ibrido/Benzina,35.900 €,https://www.autotorino.it/veicoli/auto/mercedes-benz/classe-a/usato/veicolo-a-180-amg-line-advanced-plus-auto-u952852
8.210 Km, Mercedes-Benz ,AZIENDALE, Classe A ,2024,Automatico,Diesel,35.900 €,https://www.autotorino.it/veicoli/auto/mercedes-benz/classe-a/aziendale/veicolo-a-180-d-automatic-advanced-plus-amg-line-n1519148
5.600 Km, Mercedes-Benz ,AZIENDALE, Classe A ,2024,Automatico,Diesel,35.900 €,https://www.autotorino.it/veicoli/auto/mercedes-benz/classe-a/aziendale/veicolo-a-180-d-automatic-advanced-plus-amg-line-n1519131
17.923 Km, Mercedes-Benz ,AZIENDALE, Classe A ,2024,Automatico,Diesel,35.900 €,https://www.autotorino.it/veicoli/auto/mercedes-benz/classe-a/aziendale/veicolo-a-180-d-automatic-advanced-plus-amg-line-n1500436
12.212 Km, Mercedes-Benz ,AZIENDALE, Classe A ,2024,Automatico,Diesel,36.000 €,https://www.autotorino.it/veicoli/auto/mercedes-benz/classe-a/aziendale/veicolo-a-180-d-automatic-advanced-plus-amg-line-edizione-speciale-limitata-digital-edition-n1509397
6.009 Km, Mercedes-Benz ,AZIENDALE, Classe A ,2024,Automatico,Diesel,36.000 €,https://www.autotorino.it/veicoli/auto/mercedes-benz/classe-a/aziendale/veicolo-a-180-d-automatic-advanced-plus-amg-line-digital-edition-n1517526
9.217 Km, Mercedes-Benz ,AZIENDALE, Classe A ,2024,Automatico,Diesel,36.100 €,https://www.autotorino.it/veicoli/auto/mercedes-benz/classe-a/aziendale/veicolo-a-180-d-automatic-advanced-plus-amg-line-digital-edition-n1496970
15.320 Km, Mercedes-Benz ,AZIENDALE, Classe A ,2024,Automatico,Diesel,36.100 €,https://www.autotorino.it/veicoli/auto/mercedes-benz/classe-a/aziendale/veicolo-a-180-d-automatic-advanced-plus-amg-line-n1500437
17.480 Km, Mercedes-Benz ,AZIENDALE, Classe A ,2024,Automatico,Diesel,36.100 €,https://www.autotorino.it/veicoli/auto/mercedes-benz/classe-a/aziendale/veicolo-a-180-d-automatic-advanced-plus-amg-line-n1500418
5.883 Km, Mercedes-Benz ,AZIENDALE, Classe A ,2024,Automatico,Diesel,36.100 €,https://www.autotorino.it/veicoli/auto/mercedes-benz/classe-a/aziendale/veicolo-a-180-d-automatic-advanced-plus-amg-line-edizione-speciale-limitata-digital-edition-n1512890
11.485 Km, Mercedes-Benz ,AZIENDALE, Classe A ,2024,Automatico,Diesel,36.100 €,https://www.autotorino.it/veicoli/auto/mercedes-benz/classe-a/aziendale/veicolo-a-180-d-automatic-advanced-plus-amg-line-n1499334
6.071 Km, Mercedes-Benz ,AZIENDALE, Classe A ,2024,Automatico,Diesel,36.100 €,https://www.autotorino.it/veicoli/auto/mercedes-benz/classe-a/aziendale/veicolo-a-180-d-automatic-advanced-plus-amg-line-edizione-speciale-limitata-digital-edition-n1512911
28.400 Km, Mercedes-Benz ,USATO, Classe A ,2023,Automatico,Ibrido/Benzina,36.400 €,https://www.autotorino.it/veicoli/auto/mercedes-benz/classe-a/usato/veicolo-a-180-amg-line-premium-auto-u1004720
17.475 Km, Mercedes-Benz ,AZIENDALE, Classe A ,2023,Automatico,Diesel,35.900 €,https://www.autotorino.it/veicoli/auto/mercedes-benz/classe-a/km-0/veicolo-a-180-d-automatic-premium-n1419651
3.600 Km, Mercedes-Benz ,AZIENDALE, Classe A ,2024,Automatico,Diesel,36.000 €,https://www.autotorino.it/veicoli/auto/mercedes-benz/classe-a/aziendale/veicolo-a-180-d-automatic-advanced-plus-amg-line-digital-edition-n1509410
15.753 Km, Mercedes-Benz ,USATO, Classe A ,2023,Automatico,Plug-in/Benzina,36.400 €,https://www.autotorino.it/veicoli/auto/mercedes-benz/classe-a/usato/veicolo-a-250-e-phev-amg-line-advanced-plus-auto-u979628
21.814 Km, Mercedes-Benz ,AZIENDALE, Classe A ,2024,Automatico,Diesel,36.400 €,https://www.autotorino.it/veicoli/auto/mercedes-benz/classe-a/aziendale/veicolo-a-200-d-automatic-advanced-plus-amg-line-n1499887
11.358 Km, Mercedes-Benz ,AZIENDALE, Classe A ,2024,Automatico,Diesel,36.400 €,https://www.autotorino.it/veicoli/auto/mercedes-benz/classe-a/aziendale/veicolo-a-180-d-automatic-advanced-plus-amg-line-edizione-speciale-limitata-digital-edition-n1499930
8.214 Km, Mercedes-Benz ,AZIENDALE, Classe A ,2024,Automatico,Diesel,36.500 €,https://www.autotorino.it/veicoli/auto/mercedes-benz/classe-a/aziendale/veicolo-a-180-d-automatic-advanced-plus-amg-line-n1519122
12.064 Km, Mercedes-Benz ,AZIENDALE, Classe A ,2024,Automatico,Diesel,36.600 €,https://www.autotorino.it/veicoli/auto/mercedes-benz/classe-a/aziendale/veicolo-a-180-d-automatic-advanced-plus-amg-line-n1506911
10.688 Km, Mercedes-Benz ,AZIENDALE, Classe A ,2024,Automatico,Diesel,36.600 €,https://www.autotorino.it/veicoli/auto/mercedes-benz/classe-a/aziendale/veicolo-a-180-d-automatic-advanced-plus-amg-line-n1506842
10.894 Km, Mercedes-Benz ,AZIENDALE, Classe A ,2024,Automatico,Diesel,36.600 €,https://www.autotorino.it/veicoli/auto/mercedes-benz/classe-a/aziendale/veicolo-a-180-d-automatic-advanced-plus-amg-line-n1506834
11.901 Km, Mercedes-Benz ,AZIENDALE, Classe A ,2024,Automatico,Diesel,36.600 €,https://www.autotorino.it/veicoli/auto/mercedes-benz/classe-a/aziendale/veicolo-a-180-d-automatic-advanced-plus-amg-line-n1506829
5.100 Km, Mercedes-Benz ,AZIENDALE, Classe A ,2024,Automatico,Diesel,36.600 €,https://www.autotorino.it/veicoli/auto/mercedes-benz/classe-a/aziendale/veicolo-a-180-d-automatic-advanced-plus-amg-line-n1506578
4.558 Km, Mercedes-Benz ,AZIENDALE, Classe A ,2024,Automatico,Diesel,36.600 €,https://www.autotorino.it/veicoli/auto/mercedes-benz/classe-a/aziendale/veicolo-a-180-d-automatic-advanced-plus-amg-line-digital-edition-n1499906
9.464 Km, Mercedes-Benz ,AZIENDALE, Classe A ,2024,Automatico,Diesel,36.600 €,https://www.autotorino.it/veicoli/auto/mercedes-benz/classe-a/aziendale/veicolo-a-180-d-automatic-advanced-plus-amg-line-n1500196
36.398 Km, Mercedes-Benz ,USATO, Classe A ,2023,Automatico,Plug-in/Benzina,36.700 €,https://www.autotorino.it/veicoli/auto/mercedes-benz/classe-a/usato/veicolo-a-250-e-phev-amg-line-premium-plus-auto-u1018392
11.402 Km, Mercedes-Benz ,AZIENDALE, Classe A ,2024,Automatico,Diesel,36.700 €,https://www.autotorino.it/veicoli/auto/mercedes-benz/classe-a/aziendale/veicolo-a-180-d-automatic-advanced-plus-amg-line-n1506595
23.037 Km, Mercedes-Benz ,AZIENDALE, Classe A ,2024,Automatico,Diesel,37.100 €,https://www.autotorino.it/veicoli/auto/mercedes-benz/classe-a/aziendale/veicolo-a-180-d-automatic-advanced-plus-amg-line-n1499105
13.800 Km, Mercedes-Benz ,AZIENDALE, Classe A ,2024,Automatico,Diesel,37.600 €,https://www.autotorino.it/veicoli/auto/mercedes-benz/classe-a/aziendale/veicolo-a-180-d-automatic-advanced-plus-amg-line-n1500197
10 Km, Mercedes-Benz ,KM 0, Classe A ,2025,Automatico,Diesel,37.800 €,https://www.autotorino.it/veicoli/auto/mercedes-benz/classe-a/km-0/veicolo-a-180-d-automatic-advanced-amg-line-n1503575
10 Km, Mercedes-Benz ,KM 0, Classe A ,2025,Automatico,Diesel,37.800 €,https://www.autotorino.it/veicoli/auto/mercedes-benz/classe-a/km-0/veicolo-a-180-d-automatic-advanced-amg-line-n1503569
10 Km, Mercedes-Benz ,KM 0, Classe A ,2025,Automatico,Diesel,37.900 €,https://www.autotorino.it/veicoli/auto/mercedes-benz/classe-a/km-0/veicolo-a-180-d-automatic-advanced-plus-amg-line-n1537846
6.200 Km, Mercedes-Benz ,AZIENDALE, Classe A ,2024,Automatico,Diesel,38.100 €,https://www.autotorino.it/veicoli/auto/mercedes-benz/classe-a/aziendale/veicolo-a-180-d-automatic-advanced-plus-amg-line-n1506597
10 Km, Mercedes-Benz ,KM 0, Classe A ,2025,Automatico,Diesel,38.200 €,https://www.autotorino.it/veicoli/auto/mercedes-benz/classe-a/km-0/veicolo-a-180-d-automatic-advanced-plus-amg-line-n1537844
10 Km, Mercedes-Benz ,KM 0, Classe A ,2025,Automatico,Diesel,38.200 €,https://www.autotorino.it/veicoli/auto/mercedes-benz/classe-a/km-0/veicolo-a-180-d-automatic-advanced-plus-amg-line-n1537842
75.550 Km, Mercedes AMG ,USATO, Classe A ,2022,Automatico,Benzina,38.500 €,https://www.autotorino.it/veicoli/auto/mercedes-amg/classe-a/usato/veicolo-a-amg-35-4matic-auto-u941028
804 Km, Mercedes-Benz ,USATO, Classe A ,2024,Automatico,Diesel,38.500 €,https://www.autotorino.it/veicoli/auto/mercedes-benz/classe-a/usato/veicolo-a-180-d-progressive-advanced-auto-u954585
10 Km, Mercedes-Benz ,KM 0, Classe A ,2025,Automatico,Diesel,38.600 €,https://www.autotorino.it/veicoli/auto/mercedes-benz/classe-a/km-0/veicolo-a-180-d-automatic-advanced-plus-amg-line-n1537843
10 Km, Mercedes-Benz ,KM 0, Classe A ,2025,Automatico,Diesel,38.600 €,https://www.autotorino.it/veicoli/auto/mercedes-benz/classe-a/km-0/veicolo-a-180-d-automatic-advanced-plus-amg-line-n1537841
10 Km, Mercedes-Benz ,KM 0, Classe A ,2025,Automatico,Diesel,38.600 €,https://www.autotorino.it/veicoli/auto/mercedes-benz/classe-a/km-0/veicolo-a-180-d-automatic-advanced-plus-amg-line-n1537840
21.987 Km, Mercedes-Benz ,AZIENDALE, Classe A ,2024,Automatico,Diesel,38.700 €,https://www.autotorino.it/veicoli/auto/mercedes-benz/classe-a/aziendale/veicolo-a-180-d-automatic-advanced-plus-amg-line-n1499478
10.880 Km, Mercedes-Benz ,USATO, Classe A ,2023,Automatico,Ibrido/Benzina,39.200 €,https://www.autotorino.it/veicoli/auto/mercedes-benz/classe-a/usato/veicolo-a-200-amg-line-advanced-plus-auto-u881412
90.170 Km, Mercedes AMG ,USATO, Classe A ,2020,Automatico,Benzina,39.600 €,https://www.autotorino.it/veicoli/auto/mercedes-amg/classe-a/usato/veicolo-a-45-s-amg-4matic-auto-u911689
28.745 Km, Mercedes-Benz ,USATO, Classe A ,2022,Automatico,Benzina,39.800 €,https://www.autotorino.it/veicoli/auto/mercedes-benz/classe-a/usato/veicolo-a-amg-35-4matic-auto-u1035550
85.017 Km, Mercedes-Benz ,USATO, Classe A ,2021,Automatico,Benzina,39.900 €,https://www.autotorino.it/veicoli/auto/mercedes-benz/classe-a/usato/veicolo-a-45-s-amg-4matic-auto-u1003766
51.000 Km, Mercedes-Benz ,USATO, Classe A ,2021,Automatico,Benzina,40.900 €,https://www.autotorino.it/veicoli/auto/mercedes-benz/classe-a/usato/veicolo-a-45-amg-4matic-auto-u887846
32.069 Km, Mercedes-Benz ,USATO, Classe A ,2021,Automatico,Benzina,41.900 €,https://www.autotorino.it/veicoli/auto/mercedes-benz/classe-a/usato/veicolo-a-amg-35-race-edition-4matic-auto-u1017339
804 Km, Mercedes-Benz ,AZIENDALE, Classe A ,2022,Automatico,Plug-in/Benzina,42.300 €,https://www.autotorino.it/veicoli/auto/mercedes-benz/classe-a/km-0/veicolo-a-250-e-eq-power-premium-n1410341
39.446 Km, Mercedes-Benz ,USATO, Classe A ,2021,Automatico,Benzina,42.900 €,https://www.autotorino.it/veicoli/auto/mercedes-benz/classe-a/usato/veicolo-a-45-s-amg-4matic-auto-u831081
38.537 Km, Mercedes-Benz ,USATO, Classe A ,2021,Automatico,Benzina,42.900 €,https://www.autotorino.it/veicoli/auto/mercedes-benz/classe-a/usato/veicolo-a-45-s-amg-4matic-auto-u819386
64.359 Km, Mercedes AMG ,USATO, Classe A ,2021,Automatico,Benzina,43.500 €,https://www.autotorino.it/veicoli/auto/mercedes-amg/classe-a/usato/veicolo-a-45-s-amg-4matic-auto-u968050
47.367 Km, Mercedes-Benz ,USATO, Classe A ,2023,Automatico,Ibrido/Benzina,44.300 €,https://www.autotorino.it/veicoli/auto/mercedes-benz/classe-a/usato/veicolo-a-amg-35-amg-line-advanced-plus-4matic-auto-u1018073
54.086 Km, Mercedes AMG ,USATO, Classe A ,2020,Automatico,Benzina,44.500 €,https://www.autotorino.it/veicoli/auto/mercedes-amg/classe-a/usato/veicolo-a-45-s-amg-4matic-auto-u946363
32.746 Km, Mercedes AMG ,USATO, Classe A ,2022,Automatico,Benzina,44.900 €,https://www.autotorino.it/veicoli/auto/mercedes-amg/classe-a/usato/veicolo-a-45-s-amg-4matic-auto-u879177
27.126 Km, Mercedes-Benz ,USATO, Classe A ,2023,Automatico,Ibrido/Benzina,45.900 €,https://www.autotorino.it/veicoli/auto/mercedes-benz/classe-a/usato/veicolo-a-amg-35-amg-line-advanced-plus-4matic-auto-u974063
32.157 Km, Mercedes-Benz ,USATO, Classe A ,2022,Automatico,Benzina,45.900 €,https://www.autotorino.it/veicoli/auto/mercedes-benz/classe-a/usato/veicolo-a-45-s-amg-4matic-auto-u899868
31.046 Km, Mercedes-Benz ,USATO, Classe A ,2023,Automatico,Benzina,46.500 €,https://www.autotorino.it/veicoli/auto/mercedes-benz/classe-a/usato/veicolo-a-amg-35-amg-line-premium-4matic-auto-u1006316
36.829 Km, Mercedes-Benz ,USATO, Classe A ,2023,Automatico,Benzina,46.500 €,https://www.autotorino.it/veicoli/auto/mercedes-benz/classe-a/usato/veicolo-a-amg-35-amg-line-premium-4matic-auto-u981352
35.013 Km, Mercedes AMG ,USATO, Classe A ,2023,Automatico,Benzina,47.000 €,https://www.autotorino.it/veicoli/auto/mercedes-amg/classe-a/usato/veicolo-a-amg-35-amg-line-premium-4matic-auto-u1022488
27.280 Km, Mercedes-Benz ,USATO, Classe A ,2023,Automatico,Ibrido/Benzina,49.600 €,https://www.autotorino.it/veicoli/auto/mercedes-benz/classe-a/usato/veicolo-a-amg-35-amg-line-premium-plus-4matic-auto-u949374
4.404 Km, Mercedes AMG ,USATO, Classe A ,2024,Automatico,Ibrido/Benzina,50.900 €,https://www.autotorino.it/veicoli/auto/mercedes-amg/classe-a/usato/veicolo-a-amg-35-advanced-plus-amg-4matic-auto-u987790
15.000 Km, Mercedes-Benz ,USATO, Classe A ,2024,Automatico,Ibrido/Benzina,51.000 €,https://www.autotorino.it/veicoli/auto/mercedes-benz/classe-a/usato/veicolo-a-amg-35-amg-line-advanced-plus-spectral-edition-4-u966027
40.669 Km, Mercedes-Benz ,USATO, Classe A ,2023,Automatico,Benzina,56.400 €,https://www.autotorino.it/veicoli/auto/mercedes-benz/classe-a/usato/veicolo-a-amg-45-s-amg-line-premium-4matic-auto-u992738
21.860 Km, Mercedes AMG ,USATO, Classe A ,2023,Automatico,Benzina,58.900 €,https://www.autotorino.it/veicoli/auto/mercedes-amg/classe-a/usato/veicolo-a-amg-45-s-amg-line-premium-4matic-auto-u837853
